PRAGMA foreign_keys = ON;

-- Seed players
PRAGMA foreign_keys = ON;

-- 1. 預填球員 (新增了背號與備註)
DELETE FROM players;
INSERT INTO players (name, jersey_number, position, grade_year, notes) VALUES
('A 球員', 1, '主攻', '二年級', ''),
('B 球員', 3, '舉球', '二年級', ''),
('C 球員', 5, '自由', '一年級', ''),
('D 球員', 7, '副攻', '三年級', ''),
('E 球員', 9, '攔中', '一年級', ''),
('F 球員', 12, '主攻', '一年級', '');

2. 訓練項目庫 (整合 187 項，包含人數、類別、隱藏狀態)
DELETE FROM drills;

-- 1. 綜合訓練 (001-015)
INSERT INTO drills (drill_id, drill_name, category, min_players, difficulty) VALUES 
(1, '001 猜拳訓練', '綜合訓練', 2, 1), (2, '002 鏡子訓練', '綜合訓練', 2, 1),
(3, '003 水果籃練習', '綜合訓練', 12, 2), (4, '004 想像訓練', '綜合訓練', 2, 1),
(5, '005 頂球練習', '綜合訓練', 12, 2), (6, '006 行動與接球', '綜合訓練', 1, 2),
(7, '007 排球接力①（衝刺）', '綜合訓練', 6, 2), (8, '008 排球接力②（跳躍）', '綜合訓練', 6, 2),
(9, '009 排球接力③（平衡）', '綜合訓練', 6, 2), (10, '010 排球接力④（控球）', '綜合訓練', 6, 2),
(11, '011 排球接力⑤（上半身）', '綜合訓練', 6, 2), (12, '012 排球接力⑥（下半身）', '綜合訓練', 6, 2),
(13, '013 1顆球回合賽', '綜合訓練', 8, 3), (14, '014 2顆球回合賽', '綜合訓練', 8, 4),
(15, '015 掂腳反應', '綜合訓練', 4, 1);

-- 2. 傳球 (016-036)
INSERT INTO drills (drill_id, drill_name, category, min_players, difficulty) VALUES 
(16, '016 3指接球', '傳球', 2, 1), (17, '017 手腕施力', '傳球', 2, 1),
(18, '018 用板子接球', '傳球', 2, 2), (19, '019 水桶接球', '傳球', 2, 2),
(20, '020 對牆傳球', '傳球', 1, 1), (21, '021 低手接由牆壁反彈的球', '傳球', 2, 2),
(22, '022 籃球框傳球射籃', '傳球', 1, 2), (23, '023 頭頂高手傳球', '傳球', 1, 2),
(24, '024 轉半圈高手對空傳球', '傳球', 1, 3), (25, '025 傳接球', '傳球', 2, 1),
(26, '026 1次反彈傳接球', '傳球', 2, 1), (27, '027 雙手傳接球', '傳球', 2, 1),
(28, '028 擊傳球', '傳球', 2, 2), (29, '029 拉長傳球距離', '傳球', 2, 3),
(30, '030 前後傳球', '傳球', 2, 2), (31, '031 背對傳球', '傳球', 2, 3),
(32, '032 單手傳球', '傳球', 2, 4), (33, '033 3人傳球', '傳球', 3, 2),
(34, '034 3人長距離移位傳球', '傳球', 3, 3), (35, '035 長距離三角傳球', '傳球', 4, 3),
(36, '036 四角傳球', '傳球', 4, 3);

-- 3. 發球 (037-050)
INSERT INTO drills (drill_id, drill_name, category, min_players, difficulty) VALUES 
(37, '037 穩定發球時的托球', '發球', 1, 1), (38, '038 跳躍發球的托球', '發球', 1, 2),
(39, '039 側手發球的離心力與重心轉移', '發球', 2, 2), (40, '040 側手發球的球路劃分', '發球', 1, 2),
(41, '041 對牆發球', '發球', 1, 1), (42, '042 發球100球', '發球', 1, 2),
(43, '043 以九宮格球場練習目標位置', '發球', 1, 2), (44, '044 控制發球位置．區域決勝負', '發球', 1, 3),
(45, '045 控制發球位置．三角錐決勝負', '發球', 12, 3), (46, '046 朝著手帕擊球', '發球', 12, 3),
(47, '047 發球的速度與控制', '發球', 12, 3), (48, '048 超專注發球', '發球', 12, 3),
(49, '049 壓力發球', '發球', 12, 4), (50, '050 連續發球競賽', '發球', 12, 4);

-- 4. 接球 (051-101)
INSERT INTO drills (drill_id, drill_name, category, min_players, difficulty) VALUES 
(51, '051 1對1接球', '接球', 2, 2), (52, '052 2人輪流接扣球', '接球', 2, 2),
(53, '053 3人接球', '接球', 3, 2), (54, '054 3人輪流接扣球', '接球', 3, 2),
(55, '055 1對1高手接球', '接球', 2, 2), (56, '056 列隊接扣球', '接球', 12, 2),
(57, '057 2球連續左右接球', '接球', 12, 3), (58, '058 3球連續接球', '接球', 12, 3),
(59, '059 加入前後移動的接扣球', '接球', 12, 3), (60, '060 正面接扣球', '接球', 12, 2),
(61, '061 左右接扣球', '接球', 12, 2), (62, '062 快速接扣球', '接球', 12, 3),
(63, '063 2球連續接扣球', '接球', 12, 3), (64, '064 2球連續接扣球&接機會球', '接球', 12, 3),
(65, '065 2人一組接扣球（直線）', '接球', 12, 2), (66, '066 2人一組接扣球（交叉）', '接球', 12, 2),
(67, '067 2人一組接扣球（前排交叉）', '接球', 12, 3), (68, '068 3人一組接扣球', '接球', 14, 3),
(69, '069 急速接球（正面）', '接球', 14, 4), (70, '070 急速接球（左右）', '接球', 14, 4),
(71, '071 魚躍接球', '接球', 10, 3), (72, '072 滾地接球', '接球', 2, 3),
(73, '073 飛撲接球', '接球', 2, 3), (74, '074 前後左右機會球接球', '接球', 1, 2),
(75, '075 2組同時接住前後左右的機會球', '接球', 1, 3), (76, '076 單人接球', '接球', 2, 2),
(77, '077 雙人接球', '接球', 3, 2), (78, '078 觸網球', '接球', 6, 3),
(79, '079 兩段托球', '接球', 2, 2), (80, '080 攔網後的兩段托球', '接球', 3, 3),
(81, '081 雙人攔網後的兩段托球', '接球', 6, 3), (82, '082 前排3人的兩段托球', '接球', 2, 3),
(83, '083 接球後的兩段托球', '接球', 3, 3), (84, '084 2人一組接扣球&兩段托球', '接球', 2, 3),
(85, '085 3人一組接扣球&兩段托球', '接球', 3, 3), (86, '086 6人一組接球&兩段托球', '接球', 6, 3),
(87, '087 3人接球', '接球', 12, 2), (88, '088 3對3接球&兩段托球', '接球', 6, 3),
(89, '089 從攻擊開始的3人接球&兩段托球', '接球', 12, 3), (90, '090 前排vs.後排3人接球', '接球', 12, 3);

-- 5. 攻擊 (102-136)
INSERT INTO drills (drill_id, drill_name, category, min_players, difficulty) VALUES 
(91, '091 從接扣球開始側翼攻擊為止', '接球', 3, 3), (92, '092 對牆接發球', '接球', 1, 2),
(93, '093 1對1接發球', '接球', 2, 2), (94, '094 10人發球的1對1接發球', '接球', 12, 3),
(95, '095 高台上的接發球', '接球', 1, 3), (96, '096 不同球路的接發球', '接球', 1, 3),
(97, '097 2人接發球', '接球', 2, 3), (98, '098 2人接發球（全面）', '接球', 2, 4),
(99, '099 3人接發球', '接球', 3, 3), (100, '100 4人接發球', '接球', 4, 3),
(101, '101 實戰形式的接發球', '接球', 12, 4), (102, '102 3步助跑', '攻擊', 1, 1),
(103, '103 2步助跑', '攻擊', 1, 1), (104, '104 空手扣球', '攻擊', 1, 1),
(105, '105 對牆扣球', '攻擊', 1, 2), (106, '106 對牆扣球&接住', '攻擊', 1, 2),
(107, '107 助跑&接住', '攻擊', 1, 2), (108, '108 從正上方托球開始的扣球', '攻擊', 2, 2),
(109, '109 調高球網高度後擊球', '攻擊', 2, 3), (110, '110 自己拋高&扣球', '攻擊', 1, 2),
(111, '111 3人一組連續對牆扣球', '攻擊', 3, 3), (112, '112 2球連續扣球', '攻擊', 2, 3),
(113, '113 2球連續移動扣球', '攻擊', 2, 4), (114, '114 3球連續移動扣球（拋托球）', '攻擊', 3, 4),
(115, '115 3球連續移動扣球（舉球員托球）', '攻擊', 3, 4), (116, '116 從接球開始的扣球', '攻擊', 4, 3),
(117, '117 快速扣球', '攻擊', 2, 3), (118, '118 1人時間差扣球（A快攻的情形）', '攻擊', 3, 4),
(119, '119 橫向扣球', '攻擊', 3, 3), (120, '120 後排攻擊', '攻擊', 3, 4),
(121, '121 直接扣球', '攻擊', 2, 3), (122, '122 舉球員托球後的擊球', '攻擊', 2, 3),
(123, '123 躲開攔網的擊球', '攻擊', 3, 4), (124, '124 造成攔網出界', '攻擊', 3, 4),
(125, '125 舉球員搭配', '攻擊', 2, 3), (126, '126 位置別：中間（MB=中間攔網手）', '攻擊', 2, 4),
(127, '127 位置別：側翼（WS=主攻手）', '攻擊', 2, 4), (128, '128 從發球開始的3球連續攻擊', '攻擊', 6, 4),
(129, '129 2名扣球員的合作', '攻擊', 6, 3), (130, '130 3名扣球員的合作', '攻擊', 6, 4),
(131, '131 加入後排攻擊的組合', '攻擊', 6, 4), (132, '132 假動作（虛攻）', '攻擊', 2, 2),
(133, '133 手指推球', '攻擊', 2, 2), (134, '134 半速擊球', '攻擊', 2, 2),
(135, '135 擊出旋轉球', '攻擊', 2, 3), (136, '136 以假動作誘騙接球員', '攻擊', 3, 3);

-- 6. 攔網 (137-156)
INSERT INTO drills (drill_id, drill_name, category, min_players, difficulty) VALUES 
(137, '137 保持攔網姿勢', '攔網', 1, 1), (138, '138 2人一組碰腳尖', '攔網', 2, 1),
(139, '139 雙手伸向球網另一側', '攔網', 1, 2), (140, '140 原地跳躍', '攔網', 1, 1),
(141, '141 原地斜跳', '攔網', 1, 1), (142, '142 快速1步', '攔網', 1, 2),
(143, '143 側步跳躍（2步）', '攔網', 1, 2), (144, '144 交叉側步跳躍（3步）', '攔網', 1, 2),
(145, '145 鏡像攔網', '攔網', 2, 2), (146, '146 攔網&協助防堵假動作', '攔網', 3, 3),
(147, '147 掌握手碰球的觸感', '攔網', 2, 2), (148, '148 在球網上互推球', '攔網', 2, 2),
(149, '149 2球觸碰', '攔網', 2, 3), (150, '150 直線扣球與交叉扣球的攔網', '攔網', 3, 3),
(151, '151 從側步開始的連續攔網', '攔網', 2, 3), (152, '152 從中間位置移動到側翼後攔網', '攔網', 2, 4),
(153, '153 側翼雙人攔網', '攔網', 3, 3), (154, '154 雙人攔網的連續合作', '攔網', 3, 4),
(155, '155 3人攔網的連續合作', '攔網', 4, 4), (156, '156 3人攔網&協助防堵假動作', '攔網', 4, 4);

-- 7. 位置別 (157-166)
INSERT INTO drills (drill_id, drill_name, category, min_players, difficulty) VALUES 
(157, '157 跳躍托球', '位置別', 1, 2), (158, '158 單手托球&雙攻擊', '位置別', 3, 4),
(159, '159 修正長距離托球的左右偏移', '位置別', 2, 3), (160, '160 掌握與兩側的距離', '位置別', 2, 3),
(161, '161 繞過三角形後托球', '位置別', 2, 3), (162, '162 從接球到托球', '位置別', 2, 3),
(163, '163 前後左右接球', '位置別', 1, 2), (164, '164 與自由球員共同接球', '位置別', 2, 3),
(165, '165 魚躍接球&滾地接球', '位置別', 1, 3), (166, '166 扣球與假動作的連續接球', '位置別', 2, 4);

-- 8. 實戰練習 (167-187)
INSERT INTO drills (drill_id, drill_name, category, min_players, difficulty) VALUES 
(167, '167 在球場限定範圍內扣球對決', '實戰練習', 2, 3), (168, '168 王牌對決', '實戰練習', 2, 4),
(169, '169 後排攻擊比賽', '實戰練習', 6, 4), (170, '170 側翼攻擊限定賽', '實戰練習', 6, 4),
(171, '171 快攻+後排中間的後排攻擊限定賽', '實戰練習', 6, 4), (172, '172 2拍子．3拍子賽', '實戰練習', 6, 3),
(173, '173 假動作．推球賽', '實戰練習', 6, 3), (174, '174 強化發球0：1比賽', '實戰練習', 6, 4),
(175, '175 防守體制因應賽', '實戰練習', 6, 4), (176, '176 3人攔網比賽', '實戰練習', 6, 4),
(177, '177 從援護攔網開始的比賽', '實戰練習', 6, 4), (178, '178 從發球+機會球開始的攻擊．WASH比賽①', '實戰練習', 12, 4),
(179, '179 從發球+機會球開始的攻擊．WASH比賽②', '實戰練習', 12, 4), (180, '180 從發球+兩側防守陣式開始的攻擊．WASH比賽③', '實戰練習', 12, 4),
(181, '181 從21：21開始的輪轉比賽', '實戰練習', 12, 4), (182, '182 從接發球開始的得分率比賽', '實戰練習', 12, 4),
(183, '183 壓力逆轉比賽', '實戰練習', 12, 4), (184, '184 從16分開始的讓分賽', '實戰練習', 12, 4),
(185, '185 從16：16開始的失誤減分比賽', '實戰練習', 12, 4), (186, '186 全體攻擊比賽', '實戰練習', 12, 4),
(187, '187 小比賽', '實戰練習', 12, 3)；

-- 4. 新增：出席紀錄 (讓系統初始就有點名數據)
DELETE FROM attendance;
INSERT INTO attendance (session_id, player_id, status) VALUES
(1, 1, '出席'), (1, 2, '出席'), (1, 3, '出席'), (1, 4, '請假'), (1, 5, '出席'), (1, 6, '遲到'),
(2, 1, '出席'), (2, 2, '出席'), (2, 3, '出席'), (2, 4, '出席'), (2, 5, '出席'), (2, 6, '出席');

-- 5. 場次項目關聯 (session_drills)
DELETE FROM session_drills;
INSERT INTO session_drills (session_id, drill_id, sequence_no, planned_minutes, planned_reps) VALUES
(1, 1, 1, 25, '60下'),
(1, 2, 2, 30, '50下'),
(1, 51, 3, 20, '40球'), -- 改成你有定義的 ID (例如 51)
(2, 1, 1, 20, '50下'),
(2, 102, 2, 35, '30次'); -- 改成你有定義的 ID (例如 102)

-- 6. 成效紀錄 (drill_results)
DELETE FROM drill_results;
INSERT INTO drill_results (session_id, drill_id, player_id, success_count, total_count, error_type, notes) VALUES
(1, 1, 1, 48, 60, '無', '表現穩定'),
(1, 1, 2, 50, 60, '無', '配合佳'),
(1, 2, 1, 30, 50, '腳步不到位', '橫移稍慢'),
(2, 102, 1, 25, 30, '擊球點錯誤', '跳躍高度足夠但時機稍早');
-- Map drills into sessions
INSERT INTO session_drills (session_id, drill_id, sequence_no, planned_minutes, planned_reps) VALUES
(1, 1, 1, 25, 60, '接發不到位', '需提升穩定度'),
(1, 2, 2, 30, 50, '腳步不到位', ''),
(1, 4, 3, 20, 40),

(2, 1, 1, 20, 50),
(2, 3, 2, 35, 60),
(2, 4, 3, 15, 30),

(3, 2, 1, 25, 50),
(3, 3, 2, 35, 70),
(3, 4, 3, 15, 30);

